<?xml version="1.0" encoding="UTF-8"?>
<beans xmlns="http://www.springframework.org/schema/beans"
	xmlns:xsi="http://www.w3.org/2001/XMLSchema-instance" xmlns:context="http://www.springframework.org/schema/context"
	xmlns:aop="http://www.springframework.org/schema/aop" xmlns:tx="http://www.springframework.org/schema/tx"
	xsi:schemaLocation="http://www.springframework.org/schema/beans
    http://www.springframework.org/schema/beans/spring-beans.xsd
    http://www.springframework.org/schema/context
    http://www.springframework.org/schema/context/spring-context.xsd
    http://www.springframework.org/schema/aop
    http://www.springframework.org/schema/aop/spring-aop.xsd
    http://www.springframework.org/schema/tx 
    http://www.springframework.org/schema/tx/spring-tx.xsd">

	<context:component-scan base-package="com.mqiy">
		<context:exclude-filter type="annotation"
			expression="org.springframework.stereotype.Controller" />
	</context:component-scan>

	<!-- 引入配置文件 -->
	<context:property-placeholder location="classpath:config.properties" />

	<!-- 数据源，使用dbcp -->
	<bean id="dataSource" class="org.apache.commons.dbcp.BasicDataSource"
		destroy-method="close">
		<property name="driverClassName" value="${jdbc.driver}" />
		<property name="url" value="${jdbc.url}" />
		<property name="username" value="${jdbc.username}" />
		<property name="password" value="${jdbc.password}" />
		<property name="maxActive" value="30" />
		<property name="maxIdle" value="5" />
	</bean>

	<!-- sqlSessinFactory -->
	<bean id="sqlSessionFactory" class="org.mybatis.spring.SqlSessionFactoryBean">
		<!-- 加载mybatis的配置文件 -->
		<property name="configLocation" value="mybatis-config.xml" />
		<!-- 数据源 -->
		<property name="dataSource" ref="dataSource" />
	</bean>

	<!-- mapper批量扫描，从mapper包中扫描出mapper接口，自动创建代理对象并且在spring容器中注册 遵循规范：将mapper.java和mapper.xml映射文件名称保持一致，且在一个目录 
		自动扫描出来的mapper的bean的id为mapper类名（首字母小写） sqlSessionFactory 属性配置为导致属性文件无法加载，改sqlSessionFactoryBeanName 
		并设置value -->
	<bean class="org.mybatis.spring.mapper.MapperScannerConfigurer">
		<property name="basePackage" value="com.mqiy.mapper" />
		<property name="sqlSessionFactoryBeanName" value="sqlSessionFactory" />
	</bean>

	<!-- transaction manager, use DataSourceTransactionManager -->
	<bean name="txManager"	class="org.springframework.jdbc.datasource.DataSourceTransactionManager">
		<property name="dataSource" ref="dataSource"></property>
	</bean>

	<tx:advice id="userTxAdvice" transaction-manager="txManager">
		<tx:attributes>
			<tx:method name="delete*" propagation="REQUIRED" read-only="false" rollback-for="java.lang.Exception" no-rollback-for="java.lang.RuntimeException" />
			<tx:method name="insert*" propagation="REQUIRED" read-only="false" rollback-for="java.lang.RuntimeException" />
			<tx:method name="update*" propagation="REQUIRED" read-only="false"	rollback-for="java.lang.Exception" />
			<tx:method name="find*" propagation="SUPPORTS" />
			<tx:method name="get*" propagation="SUPPORTS" />
			<tx:method name="select*" propagation="SUPPORTS" />
		</tx:attributes>
	</tx:advice>

	<aop:config>
		<aop:pointcut id="pc" expression="execution(public * com.mqiy.service.*.*(..))" /> <!--把事务控制在Service层 -->
		<aop:advisor pointcut-ref="pc" advice-ref="userTxAdvice" />
	</aop:config>



</beans>