<?xml version="1.0" encoding="UTF-8" ?>
<!DOCTYPE mapper PUBLIC "-//mybatis.org//DTD Mapper 3.0//EN" "http://mybatis.org/dtd/mybatis-3-mapper.dtd">
<!-- namespace 命名空间，作用就是对sql进行分类化管理,理解为sql隔离 注意：使用mapper代理方法开发，namespace有特殊重要的作用 -->
<mapper namespace="com.mqiy.mapper.UserMapper">
	<cache />

	<!-- 通过select执行数据库查询 id:标识映射文件中的sql，称为statement的id,将sql语句封装到mappedStatement对象中，所以将id称为statement的id 
		parameterType:指定输入参数的类型 #{}标示一个占位符, #{value}其中value表示接收输入参数的名称，如果输入参数是简单类型，那么#{}中的值可以任意。 -->
	<select id="findUserById" parameterType="int" resultType="com.mqiy.model.User">
		SELECT
		* FROM user WHERE id=#{value}
	</select>

	<!-- 根据用户名称模糊查询用户信息，可能返回多条 resultType：指定就是单条记录所映射的java对象类型 ${}:表示拼接sql串，将接收到参数的内容不加任何修饰拼接在sql中。
	使用${}拼接sql，引起sql注入 ${value}：接收输入参数的内容，如果传入类型是简单类型，${}中只能使用value -->
	<select id="findUserByName" parameterType="java.lang.String"
		resultType="com.mqiy.model.User">
		SELECT * FROM user WHERE username LIKE '%${value}%'
	</select>
	
	
	
	<select id="findUserByUserCommand" parameterType="com.mqiy.condition.UserCondition" resultType="com.mqiy.model.User">
		select * from user where username like '%${searchName}%' and address like '%${searchAddress}%'
	</select>
	
	
	<select id="countByUserCommand" parameterType="com.mqiy.condition.UserCondition" resultType="int">
		select count(*) from user where username like #{searchName}
	</select>
	

	<!-- 添加用户 parameterType：指定输入 参数类型是pojo（包括 用户信息） #{}中指定pojo的属性名，接收到pojo对象的属性值，mybatis通过OGNL获取对象的属性值 -->
	<insert id="insertUser" useGeneratedKeys="true" parameterType="com.mqiy.model.User">
		<!-- 将插入数据的主键返回，返回到user对象中 SELECT LAST_INSERT_ID()：得到刚insert进去记录的主键值，只适用与自增主键 
			keyProperty：将查询到主键值设置到parameterType指定的对象的哪个属性 order：SELECT LAST_INSERT_ID()执行顺序，相对于insert语句来说它的执行顺序 
			resultType：指定SELECT LAST_INSERT_ID()的结果类型 -->

		<selectKey keyProperty="id" order="AFTER" resultType="java.lang.Integer">
			SELECT LAST_INSERT_ID()
		</selectKey>
		INSERT INTO user(username,sex,address)values
		(#{username},#{sex},#{address})
		<!-- 使用mysql的uuid（）生成主键 执行过程： 首先通过uuid()得到主键，将主键设置到user对象的id属性中 其次在insert执行时，从user对象中取出id属性值 -->
		<!-- <selectKey keyProperty="id" order="BEFORE" resultType="java.lang.String"> 
			SELECT uuid() </selectKey> insert into user(id,username,birthday,sex,address) 
			value(#{id},#{username},#{birthday},#{sex},#{address}) -->

	</insert>

	<!-- 删除 用户 根据id删除用户，需要输入 id值 -->
	<delete id="deleteUser" parameterType="java.lang.Integer">
		delete from user where
		id=#{id}
	</delete>

	<!-- 根据id更新用户 分析： 需要传入用户的id 需要传入用户的更新信息 parameterType指定user对象，包括 id和更新信息，注意：id必须存在 
		#{id}：从输入 user对象中获取id属性值 -->
	<update id="updateUser" parameterType="com.mqiy.model.User">
		update user set
		username=#{username},age=#{age},address=#{address}
		where id=#{id}
	</update>
</mapper>